model_key,prompt_id,variant_type,seed,language,language_name,phash_distance_to_en,ssim_to_en,structural_drift_to_en,hist_l1_to_en
absolutereality_v16,S01_attribute_swap,attribute_swap,2026051801,en,English,0.0,1.0,0.0,0.0
absolutereality_v16,S01_attribute_swap,attribute_swap,2026051801,zh,Chinese,0.28125,0.2680915121361672,0.7319084878638328,1.333740234375
absolutereality_v16,S01_attribute_swap,attribute_swap,2026051801,hi,Hindi,0.3125,0.2950246499564052,0.7049753500435948,1.483306884765625
absolutereality_v16,S01_attribute_swap,attribute_swap,2026051801,es,Spanish,0.3125,0.5156696092223115,0.48433039077768847,1.857940673828125
absolutereality_v16,S01_attribute_swap,attribute_swap,2026051801,fr,French,0.34375,0.41255571762979176,0.5874442823702082,1.804534912109375
absolutereality_v16,S01_attribute_swap,attribute_swap,2026051802,en,English,0.0,1.0,0.0,0.0
absolutereality_v16,S01_attribute_swap,attribute_swap,2026051802,zh,Chinese,0.4375,0.4624335234385329,0.5375664765614672,1.903045654296875
absolutereality_v16,S01_attribute_swap,attribute_swap,2026051802,hi,Hindi,0.375,0.309719951259144,0.690280048740856,1.533660888671875
absolutereality_v16,S01_attribute_swap,attribute_swap,2026051802,es,Spanish,0.34375,0.5989015124484576,0.4010984875515424,1.366668701171875
absolutereality_v16,S01_attribute_swap,attribute_swap,2026051802,fr,French,0.34375,0.4190827992094673,0.5809172007905328,1.48406982421875
absolutereality_v16,S01_base,base,2026051801,en,English,0.0,1.0,0.0,0.0
absolutereality_v16,S01_base,base,2026051801,zh,Chinese,0.375,0.1780440645784884,0.8219559354215116,1.87847900390625
absolutereality_v16,S01_base,base,2026051801,hi,Hindi,0.40625,0.2608235703994735,0.7391764296005265,1.501678466796875
absolutereality_v16,S01_base,base,2026051801,es,Spanish,0.25,0.6252864106365172,0.37471358936348276,1.61309814453125
absolutereality_v16,S01_base,base,2026051801,fr,French,0.53125,-0.25812483876815434,1.2581248387681543,1.827606201171875
absolutereality_v16,S01_base,base,2026051802,en,English,0.0,1.0,0.0,0.0
absolutereality_v16,S01_base,base,2026051802,zh,Chinese,0.34375,0.5062620943544848,0.49373790564551523,1.896759033203125
absolutereality_v16,S01_base,base,2026051802,hi,Hindi,0.46875,0.2853072314552395,0.7146927685447605,1.63238525390625
absolutereality_v16,S01_base,base,2026051802,es,Spanish,0.3125,0.5796117979301882,0.42038820206981176,1.31805419921875
absolutereality_v16,S01_base,base,2026051802,fr,French,0.40625,0.2100930772110698,0.7899069227889302,1.397216796875
absolutereality_v16,S02_word_order,word_order,2026051801,en,English,0.0,1.0,0.0,0.0
absolutereality_v16,S02_word_order,word_order,2026051801,zh,Chinese,0.5,0.368583013240374,0.631416986759626,1.99993896484375
absolutereality_v16,S02_word_order,word_order,2026051801,hi,Hindi,0.4375,0.017946173708497465,0.9820538262915025,1.973236083984375
absolutereality_v16,S02_word_order,word_order,2026051801,es,Spanish,0.4375,0.38994993934074784,0.6100500606592522,1.268310546875
absolutereality_v16,S02_word_order,word_order,2026051801,fr,French,0.4375,-0.12195112037336482,1.1219511203733648,1.810333251953125
absolutereality_v16,S02_word_order,word_order,2026051802,en,English,0.0,1.0,0.0,0.0
absolutereality_v16,S02_word_order,word_order,2026051802,zh,Chinese,0.3125,0.3032867105219501,0.6967132894780499,1.839385986328125
absolutereality_v16,S02_word_order,word_order,2026051802,hi,Hindi,0.4375,0.43300685387001364,0.5669931461299864,1.485443115234375
absolutereality_v16,S02_word_order,word_order,2026051802,es,Spanish,0.1875,0.6561710101475574,0.3438289898524426,1.612457275390625
absolutereality_v16,S02_word_order,word_order,2026051802,fr,French,0.34375,0.22367020629540013,0.7763297937045999,1.818756103515625
absolutereality_v16,S03_base,base,2026051801,en,English,0.0,1.0,0.0,0.0
absolutereality_v16,S03_base,base,2026051801,zh,Chinese,0.5,0.1921548145091784,0.8078451854908216,1.9991455078125
absolutereality_v16,S03_base,base,2026051801,hi,Hindi,0.53125,0.272421454936332,0.727578545063668,1.922393798828125
absolutereality_v16,S03_base,base,2026051801,es,Spanish,0.40625,0.30348281062898697,0.696517189371013,1.402252197265625
absolutereality_v16,S03_base,base,2026051801,fr,French,0.4375,0.26271760667033206,0.7372823933296679,1.59759521484375
absolutereality_v16,S03_base,base,2026051802,en,English,0.0,1.0,0.0,0.0
absolutereality_v16,S03_base,base,2026051802,zh,Chinese,0.34375,0.49237156365528384,0.5076284363447161,1.775360107421875
absolutereality_v16,S03_base,base,2026051802,hi,Hindi,0.59375,0.06488344512930384,0.9351165548706961,1.9644775390625
absolutereality_v16,S03_base,base,2026051802,es,Spanish,0.3125,0.6565904049885998,0.3434095950114002,1.311004638671875
absolutereality_v16,S03_base,base,2026051802,fr,French,0.34375,0.7188249492407481,0.28117505075925187,1.142333984375
absolutereality_v16,S04_word_order,word_order,2026051801,en,English,0.0,1.0,0.0,0.0
absolutereality_v16,S04_word_order,word_order,2026051801,zh,Chinese,0.46875,0.0022531041633586852,0.9977468958366413,1.96942138671875
absolutereality_v16,S04_word_order,word_order,2026051801,hi,Hindi,0.4375,0.3719348114222217,0.6280651885777784,1.728607177734375
absolutereality_v16,S04_word_order,word_order,2026051801,es,Spanish,0.40625,0.3659037451541487,0.6340962548458513,1.15606689453125
absolutereality_v16,S04_word_order,word_order,2026051801,fr,French,0.46875,0.41372032420395777,0.5862796757960422,1.1824951171875
absolutereality_v16,S04_word_order,word_order,2026051802,en,English,0.0,1.0,0.0,0.0
absolutereality_v16,S04_word_order,word_order,2026051802,zh,Chinese,0.40625,0.3374047315327564,0.6625952684672436,1.856842041015625
absolutereality_v16,S04_word_order,word_order,2026051802,hi,Hindi,0.53125,0.06421579021240481,0.9357842097875952,1.67193603515625
absolutereality_v16,S04_word_order,word_order,2026051802,es,Spanish,0.4375,0.3860291519667357,0.6139708480332643,1.14593505859375
absolutereality_v16,S04_word_order,word_order,2026051802,fr,French,0.28125,0.7332439155750154,0.26675608442498455,0.58172607421875
absolutereality_v16,S05_base,base,2026051801,en,English,0.0,1.0,0.0,0.0
absolutereality_v16,S05_base,base,2026051801,zh,Chinese,0.5,0.0605839646626594,0.9394160353373406,2.0
absolutereality_v16,S05_base,base,2026051801,hi,Hindi,0.5,0.026097896201412306,0.9739021037985877,1.963470458984375
absolutereality_v16,S05_base,base,2026051801,es,Spanish,0.5,0.4036620580443404,0.5963379419556596,1.663970947265625
absolutereality_v16,S05_base,base,2026051801,fr,French,0.28125,0.730820139465042,0.269179860534958,1.66363525390625
absolutereality_v16,S05_base,base,2026051802,en,English,0.0,1.0,0.0,0.0
absolutereality_v16,S05_base,base,2026051802,zh,Chinese,0.4375,0.1808943418046164,0.8191056581953836,1.74176025390625
absolutereality_v16,S05_base,base,2026051802,hi,Hindi,0.28125,0.24982319501491784,0.7501768049850821,1.705657958984375
absolutereality_v16,S05_base,base,2026051802,es,Spanish,0.5,0.3659394970812888,0.6340605029187112,1.559967041015625
absolutereality_v16,S05_base,base,2026051802,fr,French,0.15625,0.6655501677390626,0.3344498322609374,1.602752685546875
absolutereality_v16,S05_quantity_shift,quantity_shift,2026051801,en,English,0.0,1.0,0.0,0.0
absolutereality_v16,S05_quantity_shift,quantity_shift,2026051801,zh,Chinese,0.4375,0.09835361543731348,0.9016463845626865,1.99896240234375
absolutereality_v16,S05_quantity_shift,quantity_shift,2026051801,hi,Hindi,0.40625,0.45176110978493933,0.5482388902150607,1.8819580078125
absolutereality_v16,S05_quantity_shift,quantity_shift,2026051801,es,Spanish,0.5625,0.11684307463917891,0.8831569253608211,1.803253173828125
absolutereality_v16,S05_quantity_shift,quantity_shift,2026051801,fr,French,0.34375,0.7213519772946504,0.2786480227053496,1.76629638671875
absolutereality_v16,S05_quantity_shift,quantity_shift,2026051802,en,English,0.0,1.0,0.0,0.0
absolutereality_v16,S05_quantity_shift,quantity_shift,2026051802,zh,Chinese,0.4375,0.16075664360458852,0.8392433563954115,1.758087158203125
absolutereality_v16,S05_quantity_shift,quantity_shift,2026051802,hi,Hindi,0.34375,0.3333993511087693,0.6666006488912307,1.613800048828125
absolutereality_v16,S05_quantity_shift,quantity_shift,2026051802,es,Spanish,0.34375,0.3279101396292608,0.6720898603707393,1.640045166015625
absolutereality_v16,S05_quantity_shift,quantity_shift,2026051802,fr,French,0.3125,0.5814487599997826,0.4185512400002174,1.726287841796875
absolutereality_v16,S06_quantity_shift,quantity_shift,2026051801,en,English,0.0,1.0,0.0,0.0
absolutereality_v16,S06_quantity_shift,quantity_shift,2026051801,zh,Chinese,0.40625,0.1322976355755677,0.8677023644244323,1.307342529296875
absolutereality_v16,S06_quantity_shift,quantity_shift,2026051801,hi,Hindi,0.4375,0.07968097015415393,0.9203190298458461,1.4486083984375
absolutereality_v16,S06_quantity_shift,quantity_shift,2026051801,es,Spanish,0.1875,0.7773091660538477,0.2226908339461523,1.31439208984375
absolutereality_v16,S06_quantity_shift,quantity_shift,2026051801,fr,French,0.53125,0.060692356803474054,0.9393076431965259,1.535247802734375
absolutereality_v16,S06_quantity_shift,quantity_shift,2026051802,en,English,0.0,1.0,0.0,0.0
absolutereality_v16,S06_quantity_shift,quantity_shift,2026051802,zh,Chinese,0.3125,0.4432968805091083,0.5567031194908917,1.964447021484375
absolutereality_v16,S06_quantity_shift,quantity_shift,2026051802,hi,Hindi,0.375,0.22052618801031101,0.779473811989689,1.65557861328125
absolutereality_v16,S06_quantity_shift,quantity_shift,2026051802,es,Spanish,0.46875,0.27380505428924207,0.7261949457107579,1.177154541015625
absolutereality_v16,S06_quantity_shift,quantity_shift,2026051802,fr,French,0.28125,0.40575578693911385,0.5942442130608862,1.450775146484375
absolutereality_v16,S07_attribute_swap,attribute_swap,2026051801,en,English,0.0,1.0,0.0,0.0
absolutereality_v16,S07_attribute_swap,attribute_swap,2026051801,zh,Chinese,0.4375,0.06968889751088479,0.9303111024891152,1.966278076171875
absolutereality_v16,S07_attribute_swap,attribute_swap,2026051801,hi,Hindi,0.5625,-0.0035818557365684604,1.0035818557365686,1.22210693359375
absolutereality_v16,S07_attribute_swap,attribute_swap,2026051801,es,Spanish,0.46875,0.21697715934418196,0.7830228406558181,1.28326416015625
absolutereality_v16,S07_attribute_swap,attribute_swap,2026051801,fr,French,0.5625,0.0897212759095351,0.9102787240904648,1.1746826171875
absolutereality_v16,S07_attribute_swap,attribute_swap,2026051802,en,English,0.0,1.0,0.0,0.0
absolutereality_v16,S07_attribute_swap,attribute_swap,2026051802,zh,Chinese,0.4375,0.3209968373502083,0.6790031626497917,1.982391357421875
absolutereality_v16,S07_attribute_swap,attribute_swap,2026051802,hi,Hindi,0.5625,0.06042327532625105,0.939576724673749,1.6187744140625
absolutereality_v16,S07_attribute_swap,attribute_swap,2026051802,es,Spanish,0.28125,0.34851025473605307,0.651489745263947,1.026824951171875
absolutereality_v16,S07_attribute_swap,attribute_swap,2026051802,fr,French,0.4375,0.5493517173517739,0.4506482826482261,0.95751953125
absolutereality_v16,S08_word_order,word_order,2026051801,en,English,0.0,1.0,0.0,0.0
absolutereality_v16,S08_word_order,word_order,2026051801,zh,Chinese,0.40625,0.20127023765233149,0.7987297623476686,1.994659423828125
absolutereality_v16,S08_word_order,word_order,2026051801,hi,Hindi,0.4375,0.2008581554602993,0.7991418445397007,1.256988525390625
absolutereality_v16,S08_word_order,word_order,2026051801,es,Spanish,0.46875,0.21082596765945527,0.7891740323405447,1.639739990234375
absolutereality_v16,S08_word_order,word_order,2026051801,fr,French,0.5,0.2704762977347418,0.7295237022652582,1.694183349609375
absolutereality_v16,S08_word_order,word_order,2026051802,en,English,0.0,1.0,0.0,0.0
absolutereality_v16,S08_word_order,word_order,2026051802,zh,Chinese,0.46875,0.4430561124052774,0.5569438875947226,1.942657470703125
absolutereality_v16,S08_word_order,word_order,2026051802,hi,Hindi,0.4375,0.2694227669647684,0.7305772330352316,1.56610107421875
absolutereality_v16,S08_word_order,word_order,2026051802,es,Spanish,0.4375,0.59287181006043,0.40712818993957,0.835601806640625
absolutereality_v16,S08_word_order,word_order,2026051802,fr,French,0.4375,0.5959348250144549,0.40406517498554506,0.733154296875
absolutereality_v16,S09_negation_rephrase,negation_rephrase,2026051801,en,English,0.0,1.0,0.0,0.0
absolutereality_v16,S09_negation_rephrase,negation_rephrase,2026051801,zh,Chinese,0.28125,0.16149286264844695,0.838507137351553,1.8438720703125
absolutereality_v16,S09_negation_rephrase,negation_rephrase,2026051801,hi,Hindi,0.46875,-0.032440475878896834,1.0324404758788968,1.92694091796875
absolutereality_v16,S09_negation_rephrase,negation_rephrase,2026051801,es,Spanish,0.53125,0.25835477933299966,0.7416452206670003,1.77410888671875
absolutereality_v16,S09_negation_rephrase,negation_rephrase,2026051801,fr,French,0.3125,0.29289549479726734,0.7071045052027327,1.742279052734375
absolutereality_v16,S09_negation_rephrase,negation_rephrase,2026051802,en,English,0.0,1.0,0.0,0.0
absolutereality_v16,S09_negation_rephrase,negation_rephrase,2026051802,zh,Chinese,0.3125,0.5852822074170068,0.41471779258299324,1.730804443359375
absolutereality_v16,S09_negation_rephrase,negation_rephrase,2026051802,hi,Hindi,0.5625,0.4133265657853954,0.5866734342146046,1.3702392578125
absolutereality_v16,S09_negation_rephrase,negation_rephrase,2026051802,es,Spanish,0.375,0.6443863069316881,0.3556136930683119,1.19500732421875
absolutereality_v16,S09_negation_rephrase,negation_rephrase,2026051802,fr,French,0.4375,0.29899478355296283,0.7010052164470372,1.900177001953125
absolutereality_v16,S10_base,base,2026051801,en,English,0.0,1.0,0.0,0.0
absolutereality_v16,S10_base,base,2026051801,zh,Chinese,0.5,-0.0021077495865377167,1.0021077495865378,1.999298095703125
absolutereality_v16,S10_base,base,2026051801,hi,Hindi,0.53125,0.10026491900677101,0.899735080993229,1.350616455078125
absolutereality_v16,S10_base,base,2026051801,es,Spanish,0.5,0.3748344949723601,0.6251655050276399,1.568267822265625
absolutereality_v16,S10_base,base,2026051801,fr,French,0.375,0.6756926237506035,0.32430737624939654,0.85247802734375
absolutereality_v16,S10_base,base,2026051802,en,English,0.0,1.0,0.0,0.0
absolutereality_v16,S10_base,base,2026051802,zh,Chinese,0.40625,0.03775374028632986,0.9622462597136702,1.81256103515625
absolutereality_v16,S10_base,base,2026051802,hi,Hindi,0.40625,0.33507942085615494,0.6649205791438451,1.392059326171875
absolutereality_v16,S10_base,base,2026051802,es,Spanish,0.28125,0.4007595441487522,0.5992404558512479,1.03033447265625
absolutereality_v16,S10_base,base,2026051802,fr,French,0.4375,0.5436299723982284,0.4563700276017716,0.895172119140625
dreamshaper8,S01_attribute_swap,attribute_swap,2026051801,en,English,0.0,1.0,0.0,0.0
dreamshaper8,S01_attribute_swap,attribute_swap,2026051801,zh,Chinese,0.3125,0.21297111607480004,0.7870288839252,1.19134521484375
dreamshaper8,S01_attribute_swap,attribute_swap,2026051801,hi,Hindi,0.34375,0.13386744661492567,0.8661325533850743,1.647125244140625
dreamshaper8,S01_attribute_swap,attribute_swap,2026051801,es,Spanish,0.34375,0.4775305522991315,0.5224694477008685,1.611419677734375
dreamshaper8,S01_attribute_swap,attribute_swap,2026051801,fr,French,0.40625,0.3832581593351692,0.6167418406648308,1.5648193359375
dreamshaper8,S01_attribute_swap,attribute_swap,2026051802,en,English,0.0,1.0,0.0,0.0
dreamshaper8,S01_attribute_swap,attribute_swap,2026051802,zh,Chinese,0.40625,0.4169969260263452,0.5830030739736548,1.849700927734375
dreamshaper8,S01_attribute_swap,attribute_swap,2026051802,hi,Hindi,0.375,0.30987976550709534,0.6901202344929047,1.337738037109375
dreamshaper8,S01_attribute_swap,attribute_swap,2026051802,es,Spanish,0.3125,0.47328211602177156,0.5267178839782285,1.5054931640625
dreamshaper8,S01_attribute_swap,attribute_swap,2026051802,fr,French,0.34375,0.4525025167303047,0.5474974832696953,1.54852294921875
dreamshaper8,S01_base,base,2026051801,en,English,0.0,1.0,0.0,0.0
dreamshaper8,S01_base,base,2026051801,zh,Chinese,0.375,0.28809512021074685,0.7119048797892531,1.90032958984375
dreamshaper8,S01_base,base,2026051801,hi,Hindi,0.375,0.28465002954133617,0.7153499704586639,1.410919189453125
dreamshaper8,S01_base,base,2026051801,es,Spanish,0.21875,0.6865679088118987,0.31343209118810134,1.58978271484375
dreamshaper8,S01_base,base,2026051801,fr,French,0.4375,-0.3234573151372983,1.3234573151372984,1.54644775390625
dreamshaper8,S01_base,base,2026051802,en,English,0.0,1.0,0.0,0.0
dreamshaper8,S01_base,base,2026051802,zh,Chinese,0.28125,0.5098165589085338,0.49018344109146617,1.865997314453125
dreamshaper8,S01_base,base,2026051802,hi,Hindi,0.34375,0.2746588698071979,0.7253411301928021,1.60614013671875
dreamshaper8,S01_base,base,2026051802,es,Spanish,0.28125,0.6201819371281678,0.3798180628718322,1.391998291015625
dreamshaper8,S01_base,base,2026051802,fr,French,0.34375,0.17656141564193797,0.823438584358062,1.5474853515625
dreamshaper8,S02_word_order,word_order,2026051801,en,English,0.0,1.0,0.0,0.0
dreamshaper8,S02_word_order,word_order,2026051801,zh,Chinese,0.40625,0.22924316595765237,0.7707568340423476,1.990966796875
dreamshaper8,S02_word_order,word_order,2026051801,hi,Hindi,0.46875,0.156677257515131,0.843322742484869,1.896240234375
dreamshaper8,S02_word_order,word_order,2026051801,es,Spanish,0.34375,0.5087662071886523,0.4912337928113477,1.803619384765625
dreamshaper8,S02_word_order,word_order,2026051801,fr,French,0.34375,0.37429384639474517,0.6257061536052548,1.80584716796875
dreamshaper8,S02_word_order,word_order,2026051802,en,English,0.0,1.0,0.0,0.0
dreamshaper8,S02_word_order,word_order,2026051802,zh,Chinese,0.34375,0.1440345070731446,0.8559654929268554,1.86920166015625
dreamshaper8,S02_word_order,word_order,2026051802,hi,Hindi,0.375,0.447047681602419,0.5529523183975811,1.663665771484375
dreamshaper8,S02_word_order,word_order,2026051802,es,Spanish,0.3125,0.6666580371073003,0.3333419628926997,1.595672607421875
dreamshaper8,S02_word_order,word_order,2026051802,fr,French,0.46875,0.23983069319919698,0.7601693068008031,1.748626708984375
dreamshaper8,S03_base,base,2026051801,en,English,0.0,1.0,0.0,0.0
dreamshaper8,S03_base,base,2026051801,zh,Chinese,0.40625,0.11237209903779706,0.8876279009622029,1.824249267578125
dreamshaper8,S03_base,base,2026051801,hi,Hindi,0.46875,0.04560333206665273,0.9543966679333473,1.786773681640625
dreamshaper8,S03_base,base,2026051801,es,Spanish,0.3125,0.39465634678814754,0.6053436532118525,1.172149658203125
dreamshaper8,S03_base,base,2026051801,fr,French,0.34375,0.4999106119654836,0.5000893880345164,1.16241455078125
dreamshaper8,S03_base,base,2026051802,en,English,0.0,1.0,0.0,0.0
dreamshaper8,S03_base,base,2026051802,zh,Chinese,0.375,0.44994266411556416,0.5500573358844358,1.49945068359375
dreamshaper8,S03_base,base,2026051802,hi,Hindi,0.46875,0.21805805425519098,0.781941945744809,1.4969482421875
dreamshaper8,S03_base,base,2026051802,es,Spanish,0.4375,0.6397224710163326,0.3602775289836674,1.359619140625
dreamshaper8,S03_base,base,2026051802,fr,French,0.34375,0.7547658975141942,0.2452341024858058,1.30120849609375
dreamshaper8,S04_word_order,word_order,2026051801,en,English,0.0,1.0,0.0,0.0
dreamshaper8,S04_word_order,word_order,2026051801,zh,Chinese,0.46875,0.18271940261317826,0.8172805973868218,1.91265869140625
dreamshaper8,S04_word_order,word_order,2026051801,hi,Hindi,0.375,0.1789481536832577,0.8210518463167423,1.848785400390625
dreamshaper8,S04_word_order,word_order,2026051801,es,Spanish,0.59375,0.018598061263720427,0.9814019387362796,1.83306884765625
dreamshaper8,S04_word_order,word_order,2026051801,fr,French,0.4375,0.198773765318177,0.801226234681823,0.733673095703125
dreamshaper8,S04_word_order,word_order,2026051802,en,English,0.0,1.0,0.0,0.0
dreamshaper8,S04_word_order,word_order,2026051802,zh,Chinese,0.3125,0.6104773358294224,0.38952266417057757,1.692718505859375
dreamshaper8,S04_word_order,word_order,2026051802,hi,Hindi,0.25,0.38185197425638673,0.6181480257436133,0.92584228515625
dreamshaper8,S04_word_order,word_order,2026051802,es,Spanish,0.375,0.44238579314517773,0.5576142068548222,0.913787841796875
dreamshaper8,S04_word_order,word_order,2026051802,fr,French,0.25,0.8076969680930679,0.1923030319069321,0.716064453125
dreamshaper8,S05_base,base,2026051801,en,English,0.0,1.0,0.0,0.0
dreamshaper8,S05_base,base,2026051801,zh,Chinese,0.46875,-0.025385003195751783,1.0253850031957519,1.95428466796875
dreamshaper8,S05_base,base,2026051801,hi,Hindi,0.4375,0.13813679351054917,0.8618632064894508,1.99554443359375
dreamshaper8,S05_base,base,2026051801,es,Spanish,0.5,0.513432160557457,0.486567839442543,1.78839111328125
dreamshaper8,S05_base,base,2026051801,fr,French,0.40625,0.6159975258436877,0.3840024741563123,1.738037109375
dreamshaper8,S05_base,base,2026051802,en,English,0.0,1.0,0.0,0.0
dreamshaper8,S05_base,base,2026051802,zh,Chinese,0.5,0.30545379999905276,0.6945462000009472,1.2467041015625
dreamshaper8,S05_base,base,2026051802,hi,Hindi,0.5,0.26164954782216876,0.7383504521778312,1.66412353515625
dreamshaper8,S05_base,base,2026051802,es,Spanish,0.5,0.42672168043313763,0.5732783195668624,1.13238525390625
dreamshaper8,S05_base,base,2026051802,fr,French,0.09375,0.8134030888600491,0.18659691113995092,1.145233154296875
dreamshaper8,S05_quantity_shift,quantity_shift,2026051801,en,English,0.0,1.0,0.0,0.0
dreamshaper8,S05_quantity_shift,quantity_shift,2026051801,zh,Chinese,0.4375,0.001263949397290823,0.9987360506027092,1.9993896484375
dreamshaper8,S05_quantity_shift,quantity_shift,2026051801,hi,Hindi,0.4375,0.2419860685038438,0.7580139314961563,1.89691162109375
dreamshaper8,S05_quantity_shift,quantity_shift,2026051801,es,Spanish,0.3125,0.5252254165557082,0.4747745834442918,1.770233154296875
dreamshaper8,S05_quantity_shift,quantity_shift,2026051801,fr,French,0.375,0.7958084223537588,0.20419157764624118,0.5950927734375
dreamshaper8,S05_quantity_shift,quantity_shift,2026051802,en,English,0.0,1.0,0.0,0.0
dreamshaper8,S05_quantity_shift,quantity_shift,2026051802,zh,Chinese,0.40625,0.3816082889651051,0.6183917110348949,1.180938720703125
dreamshaper8,S05_quantity_shift,quantity_shift,2026051802,hi,Hindi,0.3125,0.3106653216819561,0.6893346783180438,1.546630859375
dreamshaper8,S05_quantity_shift,quantity_shift,2026051802,es,Spanish,0.4375,0.3283238488995978,0.6716761511004021,1.4666748046875
dreamshaper8,S05_quantity_shift,quantity_shift,2026051802,fr,French,0.25,0.6609460128924954,0.33905398710750456,0.901763916015625
dreamshaper8,S06_quantity_shift,quantity_shift,2026051801,en,English,0.0,1.0,0.0,0.0
dreamshaper8,S06_quantity_shift,quantity_shift,2026051801,zh,Chinese,0.4375,-0.03568619248692267,1.0356861924869227,1.779571533203125
dreamshaper8,S06_quantity_shift,quantity_shift,2026051801,hi,Hindi,0.5625,0.14999621437691002,0.85000378562309,1.673675537109375
dreamshaper8,S06_quantity_shift,quantity_shift,2026051801,es,Spanish,0.375,0.6378957064286449,0.3621042935713551,1.015045166015625
dreamshaper8,S06_quantity_shift,quantity_shift,2026051801,fr,French,0.40625,0.5265768732742526,0.4734231267257474,1.180694580078125
dreamshaper8,S06_quantity_shift,quantity_shift,2026051802,en,English,0.0,1.0,0.0,0.0
dreamshaper8,S06_quantity_shift,quantity_shift,2026051802,zh,Chinese,0.375,0.3872361169018301,0.6127638830981699,1.967864990234375
dreamshaper8,S06_quantity_shift,quantity_shift,2026051802,hi,Hindi,0.40625,0.43422496731348603,0.565775032686514,1.61578369140625
dreamshaper8,S06_quantity_shift,quantity_shift,2026051802,es,Spanish,0.25,0.5936727854685037,0.40632721453149634,1.411102294921875
dreamshaper8,S06_quantity_shift,quantity_shift,2026051802,fr,French,0.1875,0.5702221954778617,0.4297778045221383,1.608489990234375
dreamshaper8,S07_attribute_swap,attribute_swap,2026051801,en,English,0.0,1.0,0.0,0.0
dreamshaper8,S07_attribute_swap,attribute_swap,2026051801,zh,Chinese,0.375,0.10692836114486907,0.893071638855131,1.906646728515625
dreamshaper8,S07_attribute_swap,attribute_swap,2026051801,hi,Hindi,0.5,0.13360470943937064,0.8663952905606294,1.306304931640625
dreamshaper8,S07_attribute_swap,attribute_swap,2026051801,es,Spanish,0.46875,0.08102812993002487,0.9189718700699752,1.590301513671875
dreamshaper8,S07_attribute_swap,attribute_swap,2026051801,fr,French,0.4375,0.09534005853651667,0.9046599414634833,1.330352783203125
dreamshaper8,S07_attribute_swap,attribute_swap,2026051802,en,English,0.0,1.0,0.0,0.0
dreamshaper8,S07_attribute_swap,attribute_swap,2026051802,zh,Chinese,0.4375,0.2153142425579833,0.7846857574420167,1.746978759765625
dreamshaper8,S07_attribute_swap,attribute_swap,2026051802,hi,Hindi,0.46875,0.05475904374707459,0.9452409562529254,0.81927490234375
dreamshaper8,S07_attribute_swap,attribute_swap,2026051802,es,Spanish,0.40625,0.24269125555807977,0.7573087444419202,1.219879150390625
dreamshaper8,S07_attribute_swap,attribute_swap,2026051802,fr,French,0.28125,0.38348169235241303,0.616518307647587,1.0626220703125
dreamshaper8,S08_word_order,word_order,2026051801,en,English,0.0,1.0,0.0,0.0
dreamshaper8,S08_word_order,word_order,2026051801,zh,Chinese,0.46875,0.2624163152063215,0.7375836847936785,1.97113037109375
dreamshaper8,S08_word_order,word_order,2026051801,hi,Hindi,0.40625,0.04643411651281606,0.953565883487184,1.1590576171875
dreamshaper8,S08_word_order,word_order,2026051801,es,Spanish,0.375,0.42346797707222,0.5765320229277799,1.59197998046875
dreamshaper8,S08_word_order,word_order,2026051801,fr,French,0.34375,0.41830139061457217,0.5816986093854278,1.724212646484375
dreamshaper8,S08_word_order,word_order,2026051802,en,English,0.0,1.0,0.0,0.0
dreamshaper8,S08_word_order,word_order,2026051802,zh,Chinese,0.4375,0.5947522211614595,0.40524777883854046,1.34930419921875
dreamshaper8,S08_word_order,word_order,2026051802,hi,Hindi,0.40625,0.19918104173166187,0.8008189582683382,1.4349365234375
dreamshaper8,S08_word_order,word_order,2026051802,es,Spanish,0.34375,0.6589948096332356,0.34100519036676435,0.915863037109375
dreamshaper8,S08_word_order,word_order,2026051802,fr,French,0.4375,0.6469069899929172,0.3530930100070828,0.71563720703125
dreamshaper8,S09_negation_rephrase,negation_rephrase,2026051801,en,English,0.0,1.0,0.0,0.0
dreamshaper8,S09_negation_rephrase,negation_rephrase,2026051801,zh,Chinese,0.4375,0.38532722598023555,0.6146727740197644,1.710052490234375
dreamshaper8,S09_negation_rephrase,negation_rephrase,2026051801,hi,Hindi,0.375,0.017473642906908508,0.9825263570930914,1.737091064453125
dreamshaper8,S09_negation_rephrase,negation_rephrase,2026051801,es,Spanish,0.5,0.3875336030984382,0.6124663969015618,1.6126708984375
dreamshaper8,S09_negation_rephrase,negation_rephrase,2026051801,fr,French,0.5625,0.4278813666949755,0.5721186333050245,1.484954833984375
dreamshaper8,S09_negation_rephrase,negation_rephrase,2026051802,en,English,0.0,1.0,0.0,0.0
dreamshaper8,S09_negation_rephrase,negation_rephrase,2026051802,zh,Chinese,0.53125,0.38809012911907154,0.6119098708809285,1.651275634765625
dreamshaper8,S09_negation_rephrase,negation_rephrase,2026051802,hi,Hindi,0.40625,0.2981748261594878,0.7018251738405121,1.19232177734375
dreamshaper8,S09_negation_rephrase,negation_rephrase,2026051802,es,Spanish,0.375,0.503565769216609,0.496434230783391,1.34832763671875
dreamshaper8,S09_negation_rephrase,negation_rephrase,2026051802,fr,French,0.4375,0.4195380851830385,0.5804619148169615,1.603973388671875
dreamshaper8,S10_base,base,2026051801,en,English,0.0,1.0,0.0,0.0
dreamshaper8,S10_base,base,2026051801,zh,Chinese,0.53125,-0.009015772810369763,1.0090157728103697,1.99993896484375
dreamshaper8,S10_base,base,2026051801,hi,Hindi,0.40625,0.051714495497477565,0.9482855045025225,1.707305908203125
dreamshaper8,S10_base,base,2026051801,es,Spanish,0.375,0.37490903821635085,0.6250909617836491,1.291229248046875
dreamshaper8,S10_base,base,2026051801,fr,French,0.28125,0.6382203054356774,0.3617796945643226,0.7410888671875
dreamshaper8,S10_base,base,2026051802,en,English,0.0,1.0,0.0,0.0
dreamshaper8,S10_base,base,2026051802,zh,Chinese,0.5,0.05257436132469622,0.9474256386753038,1.766021728515625
dreamshaper8,S10_base,base,2026051802,hi,Hindi,0.375,0.27142855193648535,0.7285714480635146,1.4356689453125
dreamshaper8,S10_base,base,2026051802,es,Spanish,0.34375,0.2302562043641876,0.7697437956358124,0.97119140625
dreamshaper8,S10_base,base,2026051802,fr,French,0.28125,0.5560371301225281,0.4439628698774719,0.983734130859375
