prompt_id,variant_type,seed,language,language_name,phash_distance_to_en,ssim_to_en,structural_drift_to_en,hist_l1_to_en
S01_attribute_swap,attribute_swap,2026051801,en,English,0.0,1.0,0.0,0.0
S01_attribute_swap,attribute_swap,2026051801,zh,Chinese,0.1875,0.20707523429407446,0.7929247657059255,1.660186767578125
S01_attribute_swap,attribute_swap,2026051801,hi,Hindi,0.5625,0.23551630317664504,0.7644836968233549,1.29681396484375
S01_attribute_swap,attribute_swap,2026051801,es,Spanish,0.3125,0.3407685025205818,0.6592314974794182,1.241424560546875
S01_attribute_swap,attribute_swap,2026051801,fr,French,0.25,0.43713009836226996,0.5628699016377301,1.79150390625
S01_attribute_swap,attribute_swap,2026051802,en,English,0.0,1.0,0.0,0.0
S01_attribute_swap,attribute_swap,2026051802,zh,Chinese,0.28125,0.42369072864331336,0.5763092713566866,1.619171142578125
S01_attribute_swap,attribute_swap,2026051802,hi,Hindi,0.28125,0.44699960949904716,0.5530003905009528,1.384124755859375
S01_attribute_swap,attribute_swap,2026051802,es,Spanish,0.25,0.6790515939218044,0.32094840607819564,1.188140869140625
S01_attribute_swap,attribute_swap,2026051802,fr,French,0.28125,0.6901089035228322,0.30989109647716784,1.03009033203125
S01_base,base,2026051801,en,English,0.0,1.0,0.0,0.0
S01_base,base,2026051801,zh,Chinese,0.3125,0.27636927934212524,0.7236307206578747,1.002685546875
S01_base,base,2026051801,hi,Hindi,0.4375,0.16784705429510682,0.8321529457048932,1.444122314453125
S01_base,base,2026051801,es,Spanish,0.21875,0.7425392578314604,0.25746074216853965,1.257415771484375
S01_base,base,2026051801,fr,French,0.34375,0.2212922692078288,0.7787077307921713,1.43951416015625
S01_base,base,2026051802,en,English,0.0,1.0,0.0,0.0
S01_base,base,2026051802,zh,Chinese,0.34375,0.34228327747033355,0.6577167225296665,1.454620361328125
S01_base,base,2026051802,hi,Hindi,0.3125,0.3062164534565524,0.6937835465434476,1.667236328125
S01_base,base,2026051802,es,Spanish,0.21875,0.8187201389964317,0.1812798610035683,1.32000732421875
S01_base,base,2026051802,fr,French,0.25,0.7830586105437247,0.21694138945627528,1.176727294921875
S01_synonym,synonym,2026051801,en,English,0.0,1.0,0.0,0.0
S01_synonym,synonym,2026051801,zh,Chinese,0.34375,0.19367553319661754,0.8063244668033824,0.828399658203125
S01_synonym,synonym,2026051801,hi,Hindi,0.53125,0.006251759186546409,0.9937482408134536,1.3052978515625
S01_synonym,synonym,2026051801,es,Spanish,0.21875,0.8627612827231022,0.13723871727689785,0.818359375
S01_synonym,synonym,2026051801,fr,French,0.28125,0.48977415403451735,0.5102258459654827,1.27716064453125
S01_synonym,synonym,2026051802,en,English,0.0,1.0,0.0,0.0
S01_synonym,synonym,2026051802,zh,Chinese,0.375,0.23188516348075489,0.7681148365192452,1.14385986328125
S01_synonym,synonym,2026051802,hi,Hindi,0.28125,0.32616364359237154,0.6738363564076284,1.287078857421875
S01_synonym,synonym,2026051802,es,Spanish,0.1875,0.6088931361924189,0.3911068638075811,1.4310302734375
S01_synonym,synonym,2026051802,fr,French,0.28125,0.6944480410787293,0.30555195892127074,1.495025634765625
S01_word_order,word_order,2026051801,en,English,0.0,1.0,0.0,0.0
S01_word_order,word_order,2026051801,zh,Chinese,0.40625,0.24799282859702762,0.7520071714029724,1.2596435546875
S01_word_order,word_order,2026051801,hi,Hindi,0.46875,0.14222030792964838,0.8577796920703517,1.26715087890625
S01_word_order,word_order,2026051801,es,Spanish,0.1875,0.601663402170899,0.398336597829101,1.071807861328125
S01_word_order,word_order,2026051801,fr,French,0.25,0.6404988540800216,0.3595011459199784,1.340362548828125
S01_word_order,word_order,2026051802,en,English,0.0,1.0,0.0,0.0
S01_word_order,word_order,2026051802,zh,Chinese,0.34375,0.38972024401446725,0.6102797559855327,1.535064697265625
S01_word_order,word_order,2026051802,hi,Hindi,0.25,0.46655353134969896,0.5334464686503011,1.44049072265625
S01_word_order,word_order,2026051802,es,Spanish,0.15625,0.8630696162621592,0.13693038373784083,1.1639404296875
S01_word_order,word_order,2026051802,fr,French,0.1875,0.9044893088657555,0.09551069113424449,1.314788818359375
S02_attribute_swap,attribute_swap,2026051801,en,English,0.0,1.0,0.0,0.0
S02_attribute_swap,attribute_swap,2026051801,zh,Chinese,0.375,0.30838427336726704,0.691615726632733,1.957733154296875
S02_attribute_swap,attribute_swap,2026051801,hi,Hindi,0.34375,0.1633028453090557,0.8366971546909443,1.96435546875
S02_attribute_swap,attribute_swap,2026051801,es,Spanish,0.15625,0.8653117584986622,0.13468824150133785,1.8646240234375
S02_attribute_swap,attribute_swap,2026051801,fr,French,0.3125,0.4624366954578277,0.5375633045421724,1.797210693359375
S02_attribute_swap,attribute_swap,2026051802,en,English,0.0,1.0,0.0,0.0
S02_attribute_swap,attribute_swap,2026051802,zh,Chinese,0.40625,0.4950375485156327,0.5049624514843674,1.63604736328125
S02_attribute_swap,attribute_swap,2026051802,hi,Hindi,0.53125,0.33738696598426726,0.6626130340157328,1.642578125
S02_attribute_swap,attribute_swap,2026051802,es,Spanish,0.375,0.6782783114396178,0.3217216885603822,1.539337158203125
S02_attribute_swap,attribute_swap,2026051802,fr,French,0.34375,0.5256944589879253,0.47430554101207467,1.67034912109375
S02_base,base,2026051801,en,English,0.0,1.0,0.0,0.0
S02_base,base,2026051801,zh,Chinese,0.46875,0.11550014872061494,0.884499851279385,1.986114501953125
S02_base,base,2026051801,hi,Hindi,0.5,0.03864728686883956,0.9613527131311604,1.9683837890625
S02_base,base,2026051801,es,Spanish,0.34375,0.5098259563430393,0.4901740436569607,1.809112548828125
S02_base,base,2026051801,fr,French,0.4375,0.28863873973690923,0.7113612602630908,1.91119384765625
S02_base,base,2026051802,en,English,0.0,1.0,0.0,0.0
S02_base,base,2026051802,zh,Chinese,0.375,0.5190216524552542,0.4809783475447458,1.801910400390625
S02_base,base,2026051802,hi,Hindi,0.5,0.32390678294637804,0.676093217053622,1.798736572265625
S02_base,base,2026051802,es,Spanish,0.15625,0.8511842512673128,0.14881574873268721,1.789215087890625
S02_base,base,2026051802,fr,French,0.4375,0.3801556542507289,0.619844345749271,1.7259521484375
S02_synonym,synonym,2026051801,en,English,0.0,1.0,0.0,0.0
S02_synonym,synonym,2026051801,zh,Chinese,0.28125,0.3385646753203256,0.6614353246796745,0.979217529296875
S02_synonym,synonym,2026051801,hi,Hindi,0.53125,-0.052488476792466626,1.0524884767924667,1.561279296875
S02_synonym,synonym,2026051801,es,Spanish,0.3125,0.7033213609789627,0.2966786390210373,0.8531494140625
S02_synonym,synonym,2026051801,fr,French,0.375,0.280433275652892,0.719566724347108,1.09759521484375
S02_synonym,synonym,2026051802,en,English,0.0,1.0,0.0,0.0
S02_synonym,synonym,2026051802,zh,Chinese,0.4375,0.41173044491749095,0.588269555082509,1.586669921875
S02_synonym,synonym,2026051802,hi,Hindi,0.34375,0.2736957514462492,0.7263042485537508,1.587310791015625
S02_synonym,synonym,2026051802,es,Spanish,0.4375,0.8219762299097594,0.17802377009024062,1.57562255859375
S02_synonym,synonym,2026051802,fr,French,0.53125,0.28020479213346616,0.7197952078665338,1.5830078125
S02_word_order,word_order,2026051801,en,English,0.0,1.0,0.0,0.0
S02_word_order,word_order,2026051801,zh,Chinese,0.4375,0.23620868445734186,0.7637913155426581,1.99700927734375
S02_word_order,word_order,2026051801,hi,Hindi,0.5,0.022570904714643143,0.9774290952853568,1.991668701171875
S02_word_order,word_order,2026051801,es,Spanish,0.46875,0.18400037717635337,0.8159996228236466,1.951873779296875
S02_word_order,word_order,2026051801,fr,French,0.40625,0.19809656472306783,0.8019034352769322,1.965576171875
S02_word_order,word_order,2026051802,en,English,0.0,1.0,0.0,0.0
S02_word_order,word_order,2026051802,zh,Chinese,0.28125,0.6859158514948616,0.31408414850513844,1.888427734375
S02_word_order,word_order,2026051802,hi,Hindi,0.3125,0.5569782506623103,0.4430217493376897,1.9327392578125
S02_word_order,word_order,2026051802,es,Spanish,0.34375,0.8624927688247988,0.13750723117520125,1.738128662109375
S02_word_order,word_order,2026051802,fr,French,0.375,0.7496582640859152,0.2503417359140848,1.798553466796875
S03_attribute_swap,attribute_swap,2026051801,en,English,0.0,1.0,0.0,0.0
S03_attribute_swap,attribute_swap,2026051801,zh,Chinese,0.34375,0.08459039404258295,0.915409605957417,1.743072509765625
S03_attribute_swap,attribute_swap,2026051801,hi,Hindi,0.5,0.08148660367551169,0.9185133963244883,1.5035400390625
S03_attribute_swap,attribute_swap,2026051801,es,Spanish,0.21875,0.5612855190755416,0.4387144809244584,1.566314697265625
S03_attribute_swap,attribute_swap,2026051801,fr,French,0.25,0.4572131182692873,0.5427868817307127,1.43011474609375
S03_attribute_swap,attribute_swap,2026051802,en,English,0.0,1.0,0.0,0.0
S03_attribute_swap,attribute_swap,2026051802,zh,Chinese,0.3125,0.5244653812938661,0.4755346187061339,1.741058349609375
S03_attribute_swap,attribute_swap,2026051802,hi,Hindi,0.3125,0.28921267036566806,0.7107873296343319,1.59521484375
S03_attribute_swap,attribute_swap,2026051802,es,Spanish,0.3125,0.4562127382188404,0.5437872617811597,1.741790771484375
S03_attribute_swap,attribute_swap,2026051802,fr,French,0.28125,0.6091635392424741,0.39083646075752587,1.4671630859375
S03_base,base,2026051801,en,English,0.0,1.0,0.0,0.0
S03_base,base,2026051801,zh,Chinese,0.28125,0.2672402203505891,0.732759779649411,1.813232421875
S03_base,base,2026051801,hi,Hindi,0.46875,-0.00759715421493599,1.007597154214936,1.38409423828125
S03_base,base,2026051801,es,Spanish,0.21875,0.5863066249825627,0.4136933750174373,1.17022705078125
S03_base,base,2026051801,fr,French,0.34375,0.4558563317892964,0.5441436682107036,1.480072021484375
S03_base,base,2026051802,en,English,0.0,1.0,0.0,0.0
S03_base,base,2026051802,zh,Chinese,0.40625,0.42844708592929026,0.5715529140707097,1.53228759765625
S03_base,base,2026051802,hi,Hindi,0.3125,0.19462580953701858,0.8053741904629814,1.464111328125
S03_base,base,2026051802,es,Spanish,0.25,0.667212456027158,0.33278754397284205,1.09979248046875
S03_base,base,2026051802,fr,French,0.3125,0.7355886499140715,0.26441135008592853,1.60382080078125
S03_synonym,synonym,2026051801,en,English,0.0,1.0,0.0,0.0
S03_synonym,synonym,2026051801,zh,Chinese,0.46875,0.13863433530312924,0.8613656646968708,1.90802001953125
S03_synonym,synonym,2026051801,hi,Hindi,0.46875,0.08918548682322816,0.9108145131767719,1.651153564453125
S03_synonym,synonym,2026051801,es,Spanish,0.3125,0.5797106124278144,0.4202893875721856,1.57568359375
S03_synonym,synonym,2026051801,fr,French,0.40625,0.4956248477868436,0.5043751522131563,1.518585205078125
S03_synonym,synonym,2026051802,en,English,0.0,1.0,0.0,0.0
S03_synonym,synonym,2026051802,zh,Chinese,0.4375,0.3812175922391741,0.6187824077608259,1.49334716796875
S03_synonym,synonym,2026051802,hi,Hindi,0.46875,0.23007321650213486,0.7699267834978651,1.358734130859375
S03_synonym,synonym,2026051802,es,Spanish,0.1875,0.7132267410162592,0.28677325898374084,1.240386962890625
S03_synonym,synonym,2026051802,fr,French,0.1875,0.6868875820582727,0.3131124179417273,1.029144287109375
S03_word_order,word_order,2026051801,en,English,0.0,1.0,0.0,0.0
S03_word_order,word_order,2026051801,zh,Chinese,0.3125,0.27003515656827887,0.7299648434317212,1.68304443359375
S03_word_order,word_order,2026051801,hi,Hindi,0.40625,0.32681966407089735,0.6731803359291026,1.701873779296875
S03_word_order,word_order,2026051801,es,Spanish,0.28125,0.4267562368054132,0.5732437631945868,1.7244873046875
S03_word_order,word_order,2026051801,fr,French,0.21875,0.5592728493707225,0.4407271506292775,1.06890869140625
S03_word_order,word_order,2026051802,en,English,0.0,1.0,0.0,0.0
S03_word_order,word_order,2026051802,zh,Chinese,0.25,0.47405014757524616,0.5259498524247539,1.795745849609375
S03_word_order,word_order,2026051802,hi,Hindi,0.375,0.19810875092760563,0.8018912490723944,1.5247802734375
S03_word_order,word_order,2026051802,es,Spanish,0.21875,0.758700400403238,0.24129959959676195,1.034515380859375
S03_word_order,word_order,2026051802,fr,French,0.25,0.7694312751391086,0.23056872486089142,1.161834716796875
S04_attribute_swap,attribute_swap,2026051801,en,English,0.0,1.0,0.0,0.0
S04_attribute_swap,attribute_swap,2026051801,zh,Chinese,0.28125,0.11731091253726718,0.8826890874627328,1.9146728515625
S04_attribute_swap,attribute_swap,2026051801,hi,Hindi,0.375,0.08410633418883015,0.9158936658111698,1.697174072265625
S04_attribute_swap,attribute_swap,2026051801,es,Spanish,0.28125,0.2660886805423819,0.7339113194576181,1.869476318359375
S04_attribute_swap,attribute_swap,2026051801,fr,French,0.34375,0.38686313545883466,0.6131368645411653,1.84759521484375
S04_attribute_swap,attribute_swap,2026051802,en,English,0.0,1.0,0.0,0.0
S04_attribute_swap,attribute_swap,2026051802,zh,Chinese,0.40625,0.28729855609853533,0.7127014439014647,1.78582763671875
S04_attribute_swap,attribute_swap,2026051802,hi,Hindi,0.40625,0.18203386469935443,0.8179661353006455,1.68267822265625
S04_attribute_swap,attribute_swap,2026051802,es,Spanish,0.375,0.2952372129045638,0.7047627870954363,1.54315185546875
S04_attribute_swap,attribute_swap,2026051802,fr,French,0.3125,0.7186860819364478,0.2813139180635522,1.5771484375
S04_base,base,2026051801,en,English,0.0,1.0,0.0,0.0
S04_base,base,2026051801,zh,Chinese,0.375,0.1843039908401066,0.8156960091598934,1.70819091796875
S04_base,base,2026051801,hi,Hindi,0.5,0.14752941830651864,0.8524705816934813,1.651153564453125
S04_base,base,2026051801,es,Spanish,0.3125,0.32705148769317016,0.6729485123068298,1.807861328125
S04_base,base,2026051801,fr,French,0.25,0.6251985723767581,0.37480142762324187,1.863067626953125
S04_base,base,2026051802,en,English,0.0,1.0,0.0,0.0
S04_base,base,2026051802,zh,Chinese,0.3125,0.2663563814320536,0.7336436185679465,1.80523681640625
S04_base,base,2026051802,hi,Hindi,0.34375,0.2031546550915655,0.7968453449084345,1.658233642578125
S04_base,base,2026051802,es,Spanish,0.375,0.2774207259564672,0.7225792740435328,1.599945068359375
S04_base,base,2026051802,fr,French,0.375,0.7180266372530396,0.2819733627469604,1.443145751953125
S04_synonym,synonym,2026051801,en,English,0.0,1.0,0.0,0.0
S04_synonym,synonym,2026051801,zh,Chinese,0.40625,0.12532811015619993,0.8746718898438001,1.80450439453125
S04_synonym,synonym,2026051801,hi,Hindi,0.5,0.11635845251872175,0.8836415474812782,1.235137939453125
S04_synonym,synonym,2026051801,es,Spanish,0.3125,0.3660874775619102,0.6339125224380898,1.325653076171875
S04_synonym,synonym,2026051801,fr,French,0.4375,0.251934320072604,0.7480656799273959,1.567596435546875
S04_synonym,synonym,2026051802,en,English,0.0,1.0,0.0,0.0
S04_synonym,synonym,2026051802,zh,Chinese,0.34375,0.239390144403029,0.760609855596971,1.75909423828125
S04_synonym,synonym,2026051802,hi,Hindi,0.4375,0.24055884118188545,0.7594411588181146,1.694061279296875
S04_synonym,synonym,2026051802,es,Spanish,0.375,0.09998017927463435,0.9000198207253657,1.353515625
S04_synonym,synonym,2026051802,fr,French,0.34375,0.8061063349253361,0.19389366507466388,1.3568115234375
S04_word_order,word_order,2026051801,en,English,0.0,1.0,0.0,0.0
S04_word_order,word_order,2026051801,zh,Chinese,0.375,0.0985012541170379,0.9014987458829621,1.7550048828125
S04_word_order,word_order,2026051801,hi,Hindi,0.34375,0.057381243641659856,0.9426187563583401,1.562957763671875
S04_word_order,word_order,2026051801,es,Spanish,0.40625,0.3078278488567017,0.6921721511432983,1.891754150390625
S04_word_order,word_order,2026051801,fr,French,0.21875,0.6713999534106742,0.32860004658932584,0.97003173828125
S04_word_order,word_order,2026051802,en,English,0.0,1.0,0.0,0.0
S04_word_order,word_order,2026051802,zh,Chinese,0.40625,0.21760592506151022,0.7823940749384898,1.835174560546875
S04_word_order,word_order,2026051802,hi,Hindi,0.46875,0.22139405026200357,0.7786059497379965,1.711212158203125
S04_word_order,word_order,2026051802,es,Spanish,0.4375,0.21840193730714363,0.7815980626928564,1.38037109375
S04_word_order,word_order,2026051802,fr,French,0.25,0.7864684645823861,0.21353153541761394,1.322052001953125
S05_attribute_swap,attribute_swap,2026051801,en,English,0.0,1.0,0.0,0.0
S05_attribute_swap,attribute_swap,2026051801,zh,Chinese,0.40625,0.08656137284636614,0.9134386271536339,0.8541259765625
S05_attribute_swap,attribute_swap,2026051801,hi,Hindi,0.5625,0.05508790103405748,0.9449120989659425,1.64892578125
S05_attribute_swap,attribute_swap,2026051801,es,Spanish,0.4375,0.49409151882528424,0.5059084811747158,1.74151611328125
S05_attribute_swap,attribute_swap,2026051801,fr,French,0.40625,-0.028650105161765842,1.0286501051617658,1.5872802734375
S05_attribute_swap,attribute_swap,2026051802,en,English,0.0,1.0,0.0,0.0
S05_attribute_swap,attribute_swap,2026051802,zh,Chinese,0.40625,0.2176156137445582,0.7823843862554418,1.969268798828125
S05_attribute_swap,attribute_swap,2026051802,hi,Hindi,0.375,0.168577672506066,0.831422327493934,1.998748779296875
S05_attribute_swap,attribute_swap,2026051802,es,Spanish,0.1875,0.7460597167223106,0.25394028327768936,1.248382568359375
S05_attribute_swap,attribute_swap,2026051802,fr,French,0.28125,0.39535365528363386,0.6046463447163661,1.53094482421875
S05_base,base,2026051801,en,English,0.0,1.0,0.0,0.0
S05_base,base,2026051801,zh,Chinese,0.40625,0.08316175930492567,0.9168382406950744,0.79742431640625
S05_base,base,2026051801,hi,Hindi,0.46875,0.01987924979919077,0.9801207502008092,1.93450927734375
S05_base,base,2026051801,es,Spanish,0.375,0.48004237051384585,0.5199576294861541,1.706390380859375
S05_base,base,2026051801,fr,French,0.40625,0.1906443333491936,0.8093556666508064,1.66900634765625
S05_base,base,2026051802,en,English,0.0,1.0,0.0,0.0
S05_base,base,2026051802,zh,Chinese,0.5,0.17604892722463159,0.8239510727753684,1.96478271484375
S05_base,base,2026051802,hi,Hindi,0.4375,0.1902446945037554,0.8097553054962446,1.899200439453125
S05_base,base,2026051802,es,Spanish,0.3125,0.6358200704203776,0.3641799295796224,1.3314208984375
S05_base,base,2026051802,fr,French,0.28125,0.4856472933541957,0.5143527066458042,1.400421142578125
S05_quantity_shift,quantity_shift,2026051801,en,English,0.0,1.0,0.0,0.0
S05_quantity_shift,quantity_shift,2026051801,zh,Chinese,0.3125,0.03887383991362949,0.9611261600863705,1.62066650390625
S05_quantity_shift,quantity_shift,2026051801,hi,Hindi,0.5,0.12944286012484646,0.8705571398751535,1.947021484375
S05_quantity_shift,quantity_shift,2026051801,es,Spanish,0.09375,0.8569576692302,0.1430423307698,1.6644287109375
S05_quantity_shift,quantity_shift,2026051801,fr,French,0.3125,0.7961725001367514,0.20382749986324855,0.937957763671875
S05_quantity_shift,quantity_shift,2026051802,en,English,0.0,1.0,0.0,0.0
S05_quantity_shift,quantity_shift,2026051802,zh,Chinese,0.4375,0.18978068501369577,0.8102193149863042,1.92529296875
S05_quantity_shift,quantity_shift,2026051802,hi,Hindi,0.40625,0.24170565869409377,0.7582943413059062,1.982452392578125
S05_quantity_shift,quantity_shift,2026051802,es,Spanish,0.3125,0.566488281089453,0.43351171891054696,1.18792724609375
S05_quantity_shift,quantity_shift,2026051802,fr,French,0.25,0.7334037718749028,0.2665962281250972,0.8665771484375
S05_synonym,synonym,2026051801,en,English,0.0,1.0,0.0,0.0
S05_synonym,synonym,2026051801,zh,Chinese,0.46875,0.036145482435888006,0.963854517564112,0.699859619140625
S05_synonym,synonym,2026051801,hi,Hindi,0.53125,-0.22793273952724277,1.2279327395272428,1.64276123046875
S05_synonym,synonym,2026051801,es,Spanish,0.40625,0.40233168029962507,0.5976683197003749,1.76800537109375
S05_synonym,synonym,2026051801,fr,French,0.40625,0.08260040460606,0.91739959539394,1.74951171875
S05_synonym,synonym,2026051802,en,English,0.0,1.0,0.0,0.0
S05_synonym,synonym,2026051802,zh,Chinese,0.4375,0.27343273617294833,0.7265672638270517,1.665252685546875
S05_synonym,synonym,2026051802,hi,Hindi,0.46875,0.11323387253698064,0.8867661274630194,1.592559814453125
S05_synonym,synonym,2026051802,es,Spanish,0.25,0.6262262926032852,0.3737737073967148,1.365509033203125
S05_synonym,synonym,2026051802,fr,French,0.3125,0.22407961661103704,0.775920383388963,1.57684326171875
S05_word_order,word_order,2026051801,en,English,0.0,1.0,0.0,0.0
S05_word_order,word_order,2026051801,zh,Chinese,0.40625,0.0709502286512812,0.9290497713487188,0.81884765625
S05_word_order,word_order,2026051801,hi,Hindi,0.46875,-0.018082474477052295,1.0180824744770522,1.88116455078125
S05_word_order,word_order,2026051801,es,Spanish,0.375,0.4803133864546132,0.5196866135453868,1.72833251953125
S05_word_order,word_order,2026051801,fr,French,0.375,-0.006172255731107039,1.006172255731107,1.680145263671875
S05_word_order,word_order,2026051802,en,English,0.0,1.0,0.0,0.0
S05_word_order,word_order,2026051802,zh,Chinese,0.375,0.404925292059315,0.5950747079406851,1.6820068359375
S05_word_order,word_order,2026051802,hi,Hindi,0.3125,0.33797522329478014,0.6620247767052199,1.7528076171875
S05_word_order,word_order,2026051802,es,Spanish,0.1875,0.5343743611026137,0.4656256388973863,1.433349609375
S05_word_order,word_order,2026051802,fr,French,0.3125,0.29308414075384376,0.7069158592461562,1.751708984375
S06_attribute_swap,attribute_swap,2026051801,en,English,0.0,1.0,0.0,0.0
S06_attribute_swap,attribute_swap,2026051801,zh,Chinese,0.40625,0.05970497779046661,0.9402950222095334,1.762542724609375
S06_attribute_swap,attribute_swap,2026051801,hi,Hindi,0.5,0.05414641817216791,0.9458535818278321,1.98345947265625
S06_attribute_swap,attribute_swap,2026051801,es,Spanish,0.4375,0.2626533723999229,0.7373466276000771,1.936248779296875
S06_attribute_swap,attribute_swap,2026051801,fr,French,0.4375,0.27629738933637976,0.7237026106636202,1.883697509765625
S06_attribute_swap,attribute_swap,2026051802,en,English,0.0,1.0,0.0,0.0
S06_attribute_swap,attribute_swap,2026051802,zh,Chinese,0.25,0.6034414960561407,0.3965585039438593,1.5384521484375
S06_attribute_swap,attribute_swap,2026051802,hi,Hindi,0.375,0.257851815411239,0.742148184588761,1.35455322265625
S06_attribute_swap,attribute_swap,2026051802,es,Spanish,0.3125,0.5168333347225206,0.4831666652774794,1.070068359375
S06_attribute_swap,attribute_swap,2026051802,fr,French,0.25,0.7725059733810603,0.2274940266189397,0.726287841796875
S06_base,base,2026051801,en,English,0.0,1.0,0.0,0.0
S06_base,base,2026051801,zh,Chinese,0.28125,0.3602651999954598,0.6397348000045402,1.331451416015625
S06_base,base,2026051801,hi,Hindi,0.5,-0.02075635504824222,1.0207563550482421,1.933013916015625
S06_base,base,2026051801,es,Spanish,0.40625,0.4433932437734983,0.5566067562265017,1.752288818359375
S06_base,base,2026051801,fr,French,0.375,0.6886632765381973,0.31133672346180274,0.52154541015625
S06_base,base,2026051802,en,English,0.0,1.0,0.0,0.0
S06_base,base,2026051802,zh,Chinese,0.34375,0.21604784951558628,0.7839521504844137,1.80096435546875
S06_base,base,2026051802,hi,Hindi,0.40625,0.3873011948584391,0.6126988051415609,1.552276611328125
S06_base,base,2026051802,es,Spanish,0.375,0.49350579862572247,0.5064942013742775,1.05743408203125
S06_base,base,2026051802,fr,French,0.34375,0.48430520752798395,0.5156947924720161,1.3140869140625
S06_quantity_shift,quantity_shift,2026051801,en,English,0.0,1.0,0.0,0.0
S06_quantity_shift,quantity_shift,2026051801,zh,Chinese,0.28125,0.4310528398814801,0.5689471601185199,1.33233642578125
S06_quantity_shift,quantity_shift,2026051801,hi,Hindi,0.4375,0.14165315517020316,0.8583468448297968,1.975067138671875
S06_quantity_shift,quantity_shift,2026051801,es,Spanish,0.53125,0.5433115480766142,0.4566884519233858,1.48651123046875
S06_quantity_shift,quantity_shift,2026051801,fr,French,0.40625,0.36149630800212523,0.6385036919978748,1.830108642578125
S06_quantity_shift,quantity_shift,2026051802,en,English,0.0,1.0,0.0,0.0
S06_quantity_shift,quantity_shift,2026051802,zh,Chinese,0.40625,0.3442892369439999,0.6557107630560002,1.5770263671875
S06_quantity_shift,quantity_shift,2026051802,hi,Hindi,0.28125,0.5209359284208627,0.47906407157913733,1.521697998046875
S06_quantity_shift,quantity_shift,2026051802,es,Spanish,0.34375,0.5197830983702735,0.4802169016297265,1.07476806640625
S06_quantity_shift,quantity_shift,2026051802,fr,French,0.4375,0.21745620008341568,0.7825437999165843,1.54681396484375
S06_synonym,synonym,2026051801,en,English,0.0,1.0,0.0,0.0
S06_synonym,synonym,2026051801,zh,Chinese,0.34375,0.08769041462073388,0.9123095853792661,1.06988525390625
S06_synonym,synonym,2026051801,hi,Hindi,0.34375,0.2579396339605574,0.7420603660394426,1.517486572265625
S06_synonym,synonym,2026051801,es,Spanish,0.34375,0.5884822214032381,0.41151777859676186,0.6702880859375
S06_synonym,synonym,2026051801,fr,French,0.25,0.6369139725728983,0.3630860274271017,1.048065185546875
S06_synonym,synonym,2026051802,en,English,0.0,1.0,0.0,0.0
S06_synonym,synonym,2026051802,zh,Chinese,0.3125,0.5434682148388482,0.4565317851611518,1.5504150390625
S06_synonym,synonym,2026051802,hi,Hindi,0.375,0.3116886015940539,0.6883113984059461,1.491424560546875
S06_synonym,synonym,2026051802,es,Spanish,0.25,0.7212399270101872,0.27876007298981276,1.403289794921875
S06_synonym,synonym,2026051802,fr,French,0.3125,0.570101383116624,0.42989861688337605,1.37567138671875
S06_word_order,word_order,2026051801,en,English,0.0,1.0,0.0,0.0
S06_word_order,word_order,2026051801,zh,Chinese,0.375,0.3125531568412627,0.6874468431587373,1.404754638671875
S06_word_order,word_order,2026051801,hi,Hindi,0.4375,0.23143457239037848,0.7685654276096215,1.8944091796875
S06_word_order,word_order,2026051801,es,Spanish,0.375,0.5585496526905419,0.4414503473094581,1.532684326171875
S06_word_order,word_order,2026051801,fr,French,0.3125,0.5997418719077316,0.40025812809226835,1.740997314453125
S06_word_order,word_order,2026051802,en,English,0.0,1.0,0.0,0.0
S06_word_order,word_order,2026051802,zh,Chinese,0.375,0.5342805775018108,0.4657194224981892,1.626953125
S06_word_order,word_order,2026051802,hi,Hindi,0.34375,0.4034022810175669,0.5965977189824331,1.67584228515625
S06_word_order,word_order,2026051802,es,Spanish,0.34375,0.6182539633406116,0.38174603665938844,1.33111572265625
S06_word_order,word_order,2026051802,fr,French,0.375,0.45195435881036916,0.5480456411896308,1.48028564453125
S07_attribute_swap,attribute_swap,2026051801,en,English,0.0,1.0,0.0,0.0
S07_attribute_swap,attribute_swap,2026051801,zh,Chinese,0.46875,0.025744588185716687,0.9742554118142833,1.65350341796875
S07_attribute_swap,attribute_swap,2026051801,hi,Hindi,0.46875,0.01959472223866928,0.9804052777613307,1.5203857421875
S07_attribute_swap,attribute_swap,2026051801,es,Spanish,0.46875,0.40103418422054077,0.5989658157794593,1.0037841796875
S07_attribute_swap,attribute_swap,2026051801,fr,French,0.34375,0.4127339183881364,0.5872660816118636,1.209197998046875
S07_attribute_swap,attribute_swap,2026051802,en,English,0.0,1.0,0.0,0.0
S07_attribute_swap,attribute_swap,2026051802,zh,Chinese,0.40625,0.20065349307338903,0.799346506926611,1.899627685546875
S07_attribute_swap,attribute_swap,2026051802,hi,Hindi,0.28125,0.16950204699060525,0.8304979530093948,1.759552001953125
S07_attribute_swap,attribute_swap,2026051802,es,Spanish,0.375,0.5145417715580216,0.4854582284419784,1.199127197265625
S07_attribute_swap,attribute_swap,2026051802,fr,French,0.375,0.5917263852307508,0.40827361476924917,0.97674560546875
S07_base,base,2026051801,en,English,0.0,1.0,0.0,0.0
S07_base,base,2026051801,zh,Chinese,0.375,0.02448541293606998,0.97551458706393,1.937164306640625
S07_base,base,2026051801,hi,Hindi,0.375,0.19519100238761816,0.8048089976123818,1.373291015625
S07_base,base,2026051801,es,Spanish,0.3125,0.7354835462950284,0.26451645370497157,0.913360595703125
S07_base,base,2026051801,fr,French,0.28125,0.8612590465282854,0.13874095347171456,0.85443115234375
S07_base,base,2026051802,en,English,0.0,1.0,0.0,0.0
S07_base,base,2026051802,zh,Chinese,0.5,0.23563523578462336,0.7643647642153766,1.88153076171875
S07_base,base,2026051802,hi,Hindi,0.375,0.27691580092521867,0.7230841990747814,1.657012939453125
S07_base,base,2026051802,es,Spanish,0.375,0.6100551145405115,0.38994488545948847,0.896240234375
S07_base,base,2026051802,fr,French,0.28125,0.7373528333248555,0.26264716667514454,0.583740234375
S07_synonym,synonym,2026051801,en,English,0.0,1.0,0.0,0.0
S07_synonym,synonym,2026051801,zh,Chinese,0.375,0.05686761942106132,0.9431323805789387,0.78363037109375
S07_synonym,synonym,2026051801,hi,Hindi,0.5625,-0.06921292531639864,1.0692129253163987,1.698883056640625
S07_synonym,synonym,2026051801,es,Spanish,0.3125,0.703352880720786,0.29664711927921406,1.15130615234375
S07_synonym,synonym,2026051801,fr,French,0.28125,0.7461227503413961,0.2538772496586039,1.372100830078125
S07_synonym,synonym,2026051802,en,English,0.0,1.0,0.0,0.0
S07_synonym,synonym,2026051802,zh,Chinese,0.25,0.23989194966799493,0.760108050332005,1.486663818359375
S07_synonym,synonym,2026051802,hi,Hindi,0.375,0.0773628270864203,0.9226371729135797,1.501220703125
S07_synonym,synonym,2026051802,es,Spanish,0.4375,0.5709055557393773,0.4290944442606227,1.08624267578125
S07_synonym,synonym,2026051802,fr,French,0.21875,0.6769278006927592,0.32307219930724085,0.916107177734375
S07_word_order,word_order,2026051801,en,English,0.0,1.0,0.0,0.0
S07_word_order,word_order,2026051801,zh,Chinese,0.46875,0.03233769154641383,0.9676623084535861,1.744232177734375
S07_word_order,word_order,2026051801,hi,Hindi,0.40625,0.13298536506369363,0.8670146349363064,1.2991943359375
S07_word_order,word_order,2026051801,es,Spanish,0.375,0.417573442375826,0.5824265576241741,1.03265380859375
S07_word_order,word_order,2026051801,fr,French,0.4375,0.513900758395613,0.486099241604387,0.827545166015625
S07_word_order,word_order,2026051802,en,English,0.0,1.0,0.0,0.0
S07_word_order,word_order,2026051802,zh,Chinese,0.34375,0.4015275896627017,0.5984724103372983,1.827667236328125
S07_word_order,word_order,2026051802,hi,Hindi,0.28125,0.3983713108939123,0.6016286891060877,1.60498046875
S07_word_order,word_order,2026051802,es,Spanish,0.375,0.503442135449599,0.49655786455040096,0.80596923828125
S07_word_order,word_order,2026051802,fr,French,0.34375,0.6467896933586584,0.35321030664134156,0.5440673828125
S08_attribute_swap,attribute_swap,2026051801,en,English,0.0,1.0,0.0,0.0
S08_attribute_swap,attribute_swap,2026051801,zh,Chinese,0.3125,0.3001137581224872,0.6998862418775128,1.792266845703125
S08_attribute_swap,attribute_swap,2026051801,hi,Hindi,0.375,0.20182131362364045,0.7981786863763596,1.79718017578125
S08_attribute_swap,attribute_swap,2026051801,es,Spanish,0.15625,0.6169310116665877,0.3830689883334123,1.565277099609375
S08_attribute_swap,attribute_swap,2026051801,fr,French,0.1875,0.7911460234227141,0.20885397657728588,1.90081787109375
S08_attribute_swap,attribute_swap,2026051802,en,English,0.0,1.0,0.0,0.0
S08_attribute_swap,attribute_swap,2026051802,zh,Chinese,0.28125,0.38646197910896757,0.6135380208910324,1.54339599609375
S08_attribute_swap,attribute_swap,2026051802,hi,Hindi,0.34375,0.599442920503804,0.400557079496196,1.139678955078125
S08_attribute_swap,attribute_swap,2026051802,es,Spanish,0.28125,0.5281114270212064,0.4718885729787936,1.3756103515625
S08_attribute_swap,attribute_swap,2026051802,fr,French,0.34375,0.6104932156147816,0.38950678438521835,1.880859375
S08_base,base,2026051801,en,English,0.0,1.0,0.0,0.0
S08_base,base,2026051801,zh,Chinese,0.21875,0.5391861554822751,0.4608138445177249,1.792694091796875
S08_base,base,2026051801,hi,Hindi,0.34375,0.34430097643310853,0.6556990235668915,1.496337890625
S08_base,base,2026051801,es,Spanish,0.3125,0.5108417883465013,0.4891582116534987,0.370452880859375
S08_base,base,2026051801,fr,French,0.1875,0.7986720009490644,0.20132799905093557,0.313812255859375
S08_base,base,2026051802,en,English,0.0,1.0,0.0,0.0
S08_base,base,2026051802,zh,Chinese,0.40625,0.3107598737821681,0.6892401262178319,1.355224609375
S08_base,base,2026051802,hi,Hindi,0.4375,0.26088308586211756,0.7391169141378824,1.47564697265625
S08_base,base,2026051802,es,Spanish,0.40625,0.4362404965704161,0.5637595034295839,1.15478515625
S08_base,base,2026051802,fr,French,0.28125,0.7838764942978005,0.21612350570219951,1.2598876953125
S08_synonym,synonym,2026051801,en,English,0.0,1.0,0.0,0.0
S08_synonym,synonym,2026051801,zh,Chinese,0.375,0.37727392162618173,0.6227260783738182,1.966949462890625
S08_synonym,synonym,2026051801,hi,Hindi,0.53125,0.008197976798191162,0.9918020232018089,1.443145751953125
S08_synonym,synonym,2026051801,es,Spanish,0.21875,0.5454720037466237,0.45452799625337625,1.807464599609375
S08_synonym,synonym,2026051801,fr,French,0.125,0.7649778386715699,0.23502216132843012,1.619903564453125
S08_synonym,synonym,2026051802,en,English,0.0,1.0,0.0,0.0
S08_synonym,synonym,2026051802,zh,Chinese,0.34375,0.33824845202471665,0.6617515479752833,1.157135009765625
S08_synonym,synonym,2026051802,hi,Hindi,0.28125,0.279290677219751,0.720709322780249,1.252410888671875
S08_synonym,synonym,2026051802,es,Spanish,0.3125,0.42128891741853364,0.5787110825814663,1.295562744140625
S08_synonym,synonym,2026051802,fr,French,0.34375,0.5340391808003165,0.46596081919968346,0.76983642578125
S08_word_order,word_order,2026051801,en,English,0.0,1.0,0.0,0.0
S08_word_order,word_order,2026051801,zh,Chinese,0.25,0.5498144513156961,0.45018554868430394,1.84613037109375
S08_word_order,word_order,2026051801,hi,Hindi,0.46875,0.11156676137155301,0.888433238628447,1.125396728515625
S08_word_order,word_order,2026051801,es,Spanish,0.28125,0.7007898186354501,0.2992101813645499,1.905181884765625
S08_word_order,word_order,2026051801,fr,French,0.25,0.5384058042037173,0.4615941957962827,1.8505859375
S08_word_order,word_order,2026051802,en,English,0.0,1.0,0.0,0.0
S08_word_order,word_order,2026051802,zh,Chinese,0.34375,0.5221652281500136,0.47783477184998635,1.447479248046875
S08_word_order,word_order,2026051802,hi,Hindi,0.375,0.4018175593091592,0.5981824406908408,1.194671630859375
S08_word_order,word_order,2026051802,es,Spanish,0.28125,0.6360425575187543,0.36395744248124573,1.341064453125
S08_word_order,word_order,2026051802,fr,French,0.1875,0.7884587397253043,0.21154126027469566,0.53668212890625
S09_attribute_swap,attribute_swap,2026051801,en,English,0.0,1.0,0.0,0.0
S09_attribute_swap,attribute_swap,2026051801,zh,Chinese,0.40625,0.06265559440607428,0.9373444055939257,1.6402587890625
S09_attribute_swap,attribute_swap,2026051801,hi,Hindi,0.53125,0.004186959658448119,0.9958130403415519,1.852264404296875
S09_attribute_swap,attribute_swap,2026051801,es,Spanish,0.09375,0.8316577709403002,0.16834222905969976,1.090179443359375
S09_attribute_swap,attribute_swap,2026051801,fr,French,0.3125,0.6879226586694337,0.3120773413305663,1.0975341796875
S09_attribute_swap,attribute_swap,2026051802,en,English,0.0,1.0,0.0,0.0
S09_attribute_swap,attribute_swap,2026051802,zh,Chinese,0.34375,0.6453874489450667,0.3546125510549333,1.454742431640625
S09_attribute_swap,attribute_swap,2026051802,hi,Hindi,0.4375,0.14375730188617117,0.8562426981138288,1.70977783203125
S09_attribute_swap,attribute_swap,2026051802,es,Spanish,0.375,0.6809245101567072,0.3190754898432928,1.406494140625
S09_attribute_swap,attribute_swap,2026051802,fr,French,0.40625,0.7125044395638596,0.28749556043614044,1.602630615234375
S09_base,base,2026051801,en,English,0.0,1.0,0.0,0.0
S09_base,base,2026051801,zh,Chinese,0.46875,0.022047356270359225,0.9779526437296407,1.6624755859375
S09_base,base,2026051801,hi,Hindi,0.4375,0.004762549552915938,0.9952374504470841,1.883941650390625
S09_base,base,2026051801,es,Spanish,0.1875,0.8356089810895148,0.16439101891048524,1.453826904296875
S09_base,base,2026051801,fr,French,0.25,0.7664720374425019,0.23352796255749808,1.47900390625
S09_base,base,2026051802,en,English,0.0,1.0,0.0,0.0
S09_base,base,2026051802,zh,Chinese,0.46875,0.5487744056860729,0.45122559431392706,1.72412109375
S09_base,base,2026051802,hi,Hindi,0.4375,0.168110729971526,0.831889270028474,1.7459716796875
S09_base,base,2026051802,es,Spanish,0.40625,0.5698586526601471,0.4301413473398529,1.702178955078125
S09_base,base,2026051802,fr,French,0.4375,0.5511330808889647,0.44886691911103527,1.75531005859375
S09_negation_rephrase,negation_rephrase,2026051801,en,English,0.0,1.0,0.0,0.0
S09_negation_rephrase,negation_rephrase,2026051801,zh,Chinese,0.40625,0.07870878543540295,0.9212912145645971,1.664398193359375
S09_negation_rephrase,negation_rephrase,2026051801,hi,Hindi,0.5,0.03451350647348408,0.9654864935265159,1.982269287109375
S09_negation_rephrase,negation_rephrase,2026051801,es,Spanish,0.375,0.4276900998384765,0.5723099001615235,1.62213134765625
S09_negation_rephrase,negation_rephrase,2026051801,fr,French,0.40625,0.4281301258123876,0.5718698741876125,1.342742919921875
S09_negation_rephrase,negation_rephrase,2026051802,en,English,0.0,1.0,0.0,0.0
S09_negation_rephrase,negation_rephrase,2026051802,zh,Chinese,0.28125,0.5117535588923181,0.4882464411076819,1.0640869140625
S09_negation_rephrase,negation_rephrase,2026051802,hi,Hindi,0.53125,0.27095467291421055,0.7290453270857895,1.89727783203125
S09_negation_rephrase,negation_rephrase,2026051802,es,Spanish,0.3125,0.5173855177159239,0.4826144822840761,1.868194580078125
S09_negation_rephrase,negation_rephrase,2026051802,fr,French,0.4375,0.47066483734773884,0.5293351626522611,1.77618408203125
S09_synonym,synonym,2026051801,en,English,0.0,1.0,0.0,0.0
S09_synonym,synonym,2026051801,zh,Chinese,0.4375,0.24238178636482385,0.7576182136351761,1.9842529296875
S09_synonym,synonym,2026051801,hi,Hindi,0.5,0.11243734256371171,0.8875626574362883,1.96685791015625
S09_synonym,synonym,2026051801,es,Spanish,0.34375,0.45092405950166314,0.5490759404983369,1.68157958984375
S09_synonym,synonym,2026051801,fr,French,0.34375,0.4145400603126961,0.5854599396873039,1.2869873046875
S09_synonym,synonym,2026051802,en,English,0.0,1.0,0.0,0.0
S09_synonym,synonym,2026051802,zh,Chinese,0.34375,0.3174919323162294,0.6825080676837706,1.280242919921875
S09_synonym,synonym,2026051802,hi,Hindi,0.5,0.2950332886627909,0.7049667113372091,1.266693115234375
S09_synonym,synonym,2026051802,es,Spanish,0.40625,0.7288314904062965,0.27116850959370353,1.567474365234375
S09_synonym,synonym,2026051802,fr,French,0.40625,0.3088024840596404,0.6911975159403596,1.76617431640625
S09_word_order,word_order,2026051801,en,English,0.0,1.0,0.0,0.0
S09_word_order,word_order,2026051801,zh,Chinese,0.375,0.02280562268095657,0.9771943773190435,1.658538818359375
S09_word_order,word_order,2026051801,hi,Hindi,0.5,-0.011789213600489453,1.0117892136004893,1.75360107421875
S09_word_order,word_order,2026051801,es,Spanish,0.375,0.8013837398146715,0.19861626018532852,1.505767822265625
S09_word_order,word_order,2026051801,fr,French,0.34375,0.7085846029350613,0.2914153970649387,1.705596923828125
S09_word_order,word_order,2026051802,en,English,0.0,1.0,0.0,0.0
S09_word_order,word_order,2026051802,zh,Chinese,0.4375,0.43701670017699557,0.5629832998230044,1.7303466796875
S09_word_order,word_order,2026051802,hi,Hindi,0.34375,0.030347361196372432,0.9696526388036276,1.7705078125
S09_word_order,word_order,2026051802,es,Spanish,0.28125,0.7918656990574394,0.20813430094256058,1.976654052734375
S09_word_order,word_order,2026051802,fr,French,0.34375,0.6020296987331548,0.3979703012668452,1.689971923828125
S10_attribute_swap,attribute_swap,2026051801,en,English,0.0,1.0,0.0,0.0
S10_attribute_swap,attribute_swap,2026051801,zh,Chinese,0.46875,0.0630366877704452,0.9369633122295548,1.939483642578125
S10_attribute_swap,attribute_swap,2026051801,hi,Hindi,0.28125,0.1863483275156132,0.8136516724843867,1.843963623046875
S10_attribute_swap,attribute_swap,2026051801,es,Spanish,0.40625,0.22033552579131901,0.779664474208681,1.919677734375
S10_attribute_swap,attribute_swap,2026051801,fr,French,0.3125,0.6587849031784114,0.34121509682158857,1.49627685546875
S10_attribute_swap,attribute_swap,2026051802,en,English,0.0,1.0,0.0,0.0
S10_attribute_swap,attribute_swap,2026051802,zh,Chinese,0.375,0.197766623558234,0.802233376441766,1.853485107421875
S10_attribute_swap,attribute_swap,2026051802,hi,Hindi,0.34375,0.15206046378354587,0.8479395362164541,1.772247314453125
S10_attribute_swap,attribute_swap,2026051802,es,Spanish,0.46875,0.4007242238062026,0.5992757761937975,1.37762451171875
S10_attribute_swap,attribute_swap,2026051802,fr,French,0.21875,0.6681425934711981,0.3318574065288019,1.270416259765625
S10_base,base,2026051801,en,English,0.0,1.0,0.0,0.0
S10_base,base,2026051801,zh,Chinese,0.40625,0.0639526296451011,0.9360473703548989,1.976959228515625
S10_base,base,2026051801,hi,Hindi,0.28125,0.21746062160262844,0.7825393783973715,1.931549072265625
S10_base,base,2026051801,es,Spanish,0.34375,0.5020289164105345,0.4979710835894655,1.763031005859375
S10_base,base,2026051801,fr,French,0.34375,0.7747984730783606,0.22520152692163942,0.845611572265625
S10_base,base,2026051802,en,English,0.0,1.0,0.0,0.0
S10_base,base,2026051802,zh,Chinese,0.375,0.18640055441827671,0.8135994455817233,1.8160400390625
S10_base,base,2026051802,hi,Hindi,0.25,0.3781167836962625,0.6218832163037376,1.680816650390625
S10_base,base,2026051802,es,Spanish,0.28125,0.5511499506791111,0.4488500493208889,1.358673095703125
S10_base,base,2026051802,fr,French,0.21875,0.8051894105560019,0.1948105894439981,0.794921875
S10_negation_rephrase,negation_rephrase,2026051801,en,English,0.0,1.0,0.0,0.0
S10_negation_rephrase,negation_rephrase,2026051801,zh,Chinese,0.4375,0.14906242200832098,0.850937577991679,1.937469482421875
S10_negation_rephrase,negation_rephrase,2026051801,hi,Hindi,0.375,0.1589657074542423,0.8410342925457577,1.746307373046875
S10_negation_rephrase,negation_rephrase,2026051801,es,Spanish,0.53125,0.282280271549001,0.7177197284509991,1.730010986328125
S10_negation_rephrase,negation_rephrase,2026051801,fr,French,0.15625,0.7532761065315547,0.24672389346844525,1.27703857421875
S10_negation_rephrase,negation_rephrase,2026051802,en,English,0.0,1.0,0.0,0.0
S10_negation_rephrase,negation_rephrase,2026051802,zh,Chinese,0.40625,0.29019696640743864,0.7098030335925614,1.7977294921875
S10_negation_rephrase,negation_rephrase,2026051802,hi,Hindi,0.375,0.1322319413880109,0.8677680586119891,1.720306396484375
S10_negation_rephrase,negation_rephrase,2026051802,es,Spanish,0.34375,0.38192510483434283,0.6180748951656572,1.671661376953125
S10_negation_rephrase,negation_rephrase,2026051802,fr,French,0.28125,0.8689465810536071,0.13105341894639289,1.37353515625
S10_synonym,synonym,2026051801,en,English,0.0,1.0,0.0,0.0
S10_synonym,synonym,2026051801,zh,Chinese,0.375,0.14017336644948064,0.8598266335505194,1.81304931640625
S10_synonym,synonym,2026051801,hi,Hindi,0.28125,0.2310954616431883,0.7689045383568117,1.704437255859375
S10_synonym,synonym,2026051801,es,Spanish,0.34375,0.47939123542690665,0.5206087645730934,1.438934326171875
S10_synonym,synonym,2026051801,fr,French,0.3125,0.7214025376411931,0.2785974623588069,1.260345458984375
S10_synonym,synonym,2026051802,en,English,0.0,1.0,0.0,0.0
S10_synonym,synonym,2026051802,zh,Chinese,0.3125,0.09256023238413834,0.9074397676158616,1.90966796875
S10_synonym,synonym,2026051802,hi,Hindi,0.375,0.15253859902081557,0.8474614009791844,1.7353515625
S10_synonym,synonym,2026051802,es,Spanish,0.375,0.34711574815454355,0.6528842518454565,1.697052001953125
S10_synonym,synonym,2026051802,fr,French,0.1875,0.8427947519493846,0.15720524805061542,1.484588623046875
S10_word_order,word_order,2026051801,en,English,0.0,1.0,0.0,0.0
S10_word_order,word_order,2026051801,zh,Chinese,0.46875,0.12963654720020712,0.8703634527997929,1.79522705078125
S10_word_order,word_order,2026051801,hi,Hindi,0.46875,0.10714348664942565,0.8928565133505744,1.751007080078125
S10_word_order,word_order,2026051801,es,Spanish,0.34375,0.2313608650224216,0.7686391349775784,1.709259033203125
S10_word_order,word_order,2026051801,fr,French,0.375,0.5631549059078615,0.43684509409213845,1.618896484375
S10_word_order,word_order,2026051802,en,English,0.0,1.0,0.0,0.0
S10_word_order,word_order,2026051802,zh,Chinese,0.3125,0.221021310581833,0.778978689418167,1.96893310546875
S10_word_order,word_order,2026051802,hi,Hindi,0.375,0.19502542744461282,0.8049745725553872,1.789398193359375
S10_word_order,word_order,2026051802,es,Spanish,0.25,0.38518115127996827,0.6148188487200317,1.447265625
S10_word_order,word_order,2026051802,fr,French,0.3125,0.45935094306363156,0.5406490569363684,1.436370849609375
